sno,pincode,area,city,type,parent_clinic,parent_avg_ntb,ntb_scale_pct,projected_ss_ntb,projected_show_pct,monthly_show_ntb,conv_pct,monthly_converted,sale_per_patient,ss_monthly_revenue,m1_rev,m2_rev,m3_rev,m4_rev,m5_rev,m6_rev,m7_rev,m8_rev,m9_rev,m10_rev,m11_rev,m12_rev,rev_12m_total,ntb_shows_12m,converted_12m,ntb_appts_12m
1,400058,Andheri West,Mumbai,Same-City,Malad,545,0.5,273,0.300112132381281,82,0.4,33,18000,594000,177186.20295790833,296030.6073808956,382462.9015067045,471056.00298565865,531558.6088737249,589900.4074086458,589900.4074086458,589900.4074086458,589900.4074086458,589900.4074086458,589900.4074086458,589900.4074086458,5987597.175565412,832,333,2771
2,400069,Andheri East,Mumbai,Same-City,Malad,545,0.5,273,0.300112132381281,82,0.4,33,18000,594000,177186.20295790833,296030.6073808956,382462.9015067045,471056.00298565865,531558.6088737249,589900.4074086458,589900.4074086458,589900.4074086458,589900.4074086458,589900.4074086458,589900.4074086458,589900.4074086458,5987597.175565412,832,333,2771
3,400076,Powai,Mumbai,Same-City,Malad,545,0.5,273,0.300112132381281,82,0.4,33,18000,594000,177186.20295790833,296030.6073808956,382462.9015067045,471056.00298565865,531558.6088737249,589900.4074086458,589900.4074086458,589900.4074086458,589900.4074086458,589900.4074086458,589900.4074086458,589900.4074086458,5987597.175565412,832,333,2771
4,400053,Bandra East,Mumbai,Same-City,Malad,545,0.5,273,0.300112132381281,82,0.4,33,18000,594000,177186.20295790833,296030.6073808956,382462.9015067045,471056.00298565865,531558.6088737249,589900.4074086458,589900.4074086458,589900.4074086458,589900.4074086458,589900.4074086458,589900.4074086458,589900.4074086458,5987597.175565412,832,333,2771
5,400080,Ghatkopar,Mumbai,Same-City,Malad,545,0.5,273,0.300112132381281,82,0.4,33,18000,594000,177186.20295790833,296030.6073808956,382462.9015067045,471056.00298565865,531558.6088737249,589900.4074086458,589900.4074086458,589900.4074086458,589900.4074086458,589900.4074086458,589900.4074086458,589900.4074086458,5987597.175565412,832,333,2771
6,400072,Vikhroli,Mumbai,Same-City,Malad,545,0.5,273,0.300112132381281,82,0.4,33,18000,594000,177186.20295790833,296030.6073808956,382462.9015067045,471056.00298565865,531558.6088737249,589900.4074086458,589900.4074086458,589900.4074086458,589900.4074086458,589900.4074086458,589900.4074086458,589900.4074086458,5987597.175565412,832,333,2771
7,400016,Parel/Lower Parel,Mumbai,Same-City,Malad,545,0.5,273,0.300112132381281,82,0.4,33,18000,594000,177186.20295790833,296030.6073808956,382462.9015067045,471056.00298565865,531558.6088737249,589900.4074086458,589900.4074086458,589900.4074086458,589900.4074086458,589900.4074086458,589900.4074086458,589900.4074086458,5987597.175565412,832,333,2771
8,400104,Kandivali East,Mumbai,Same-City,Malad,545,0.5,273,0.300112132381281,82,0.4,33,18000,594000,177186.20295790833,296030.6073808956,382462.9015067045,471056.00298565865,531558.6088737249,589900.4074086458,589900.4074086458,589900.4074086458,589900.4074086458,589900.4074086458,589900.4074086458,589900.4074086458,5987597.175565412,832,333,2771
9,421301,Dombivli,Mumbai,Same-City,Malad,545,0.5,273,0.300112132381281,82,0.4,33,18000,594000,177186.20295790833,296030.6073808956,382462.9015067045,471056.00298565865,531558.6088737249,589900.4074086458,589900.4074086458,589900.4074086458,589900.4074086458,589900.4074086458,589900.4074086458,589900.4074086458,5987597.175565412,832,333,2771
10,400705,Airoli/Ghansoli,Mumbai,Same-City,Malad,545,0.5,273,0.300112132381281,82,0.4,33,18000,594000,177186.20295790833,296030.6073808956,382462.9015067045,471056.00298565865,531558.6088737249,589900.4074086458,589900.4074086458,589900.4074086458,589900.4074086458,589900.4074086458,589900.4074086458,589900.4074086458,5987597.175565412,832,333,2771
11,110034,Pitampura,Delhi,Same-City,Lajpat,584,0.5,292,0.210919205692534,62,0.4,25,18000,450000,133638.40872678955,221718.26902399174,288537.47338738653,355356.6777507813,399396.6078993824,443436.5380479835,443436.5380479835,443436.5380479835,443436.5380479835,443436.5380479835,443436.5380479835,443436.5380479835,4502703.203124215,625,250,2965
12,110052,Rohini,Delhi,Same-City,Lajpat,584,0.5,292,0.210919205692534,62,0.4,25,18000,450000,133638.40872678955,221718.26902399174,288537.47338738653,355356.6777507813,399396.6078993824,443436.5380479835,443436.5380479835,443436.5380479835,443436.5380479835,443436.5380479835,443436.5380479835,443436.5380479835,4502703.203124215,625,250,2965
13,110092,Shahdara,Delhi,Same-City,Lajpat,584,0.5,292,0.210919205692534,62,0.4,25,18000,450000,133638.40872678955,221718.26902399174,288537.47338738653,355356.6777507813,399396.6078993824,443436.5380479835,443436.5380479835,443436.5380479835,443436.5380479835,443436.5380479835,443436.5380479835,443436.5380479835,4502703.203124215,625,250,2965
14,110019,Nehru Place/Kalkaji,Delhi,Same-City,Lajpat,584,0.5,292,0.210919205692534,62,0.4,25,18000,450000,133638.40872678955,221718.26902399174,288537.47338738653,355356.6777507813,399396.6078993824,443436.5380479835,443436.5380479835,443436.5380479835,443436.5380479835,443436.5380479835,443436.5380479835,443436.5380479835,4502703.203124215,625,250,2965
15,110044,Dwarka,Delhi,Same-City,Lajpat,584,0.5,292,0.210919205692534,62,0.4,25,18000,450000,133638.40872678955,221718.26902399174,288537.47338738653,355356.6777507813,399396.6078993824,443436.5380479835,443436.5380479835,443436.5380479835,443436.5380479835,443436.5380479835,443436.5380479835,443436.5380479835,4502703.203124215,625,250,2965
16,110088,Preet Vihar,Delhi,Same-City,Lajpat,584,0.5,292,0.210919205692534,62,0.4,25,18000,450000,133638.40872678955,221718.26902399174,288537.47338738653,355356.6777507813,399396.6078993824,443436.5380479835,443436.5380479835,443436.5380479835,443436.5380479835,443436.5380479835,443436.5380479835,443436.5380479835,4502703.203124215,625,250,2965
17,110085,Shahdara (NE Delhi),Delhi,Same-City,Lajpat,584,0.5,292,0.210919205692534,62,0.4,25,18000,450000,133638.40872678955,221718.26902399174,288537.47338738653,355356.6777507813,399396.6078993824,443436.5380479835,443436.5380479835,443436.5380479835,443436.5380479835,443436.5380479835,443436.5380479835,443436.5380479835,4502703.203124215,625,250,2965
18,110015,Saket,Delhi,Same-City,Lajpat,584,0.5,292,0.210919205692534,62,0.4,25,18000,450000,133638.40872678955,221718.26902399174,288537.47338738653,355356.6777507813,399396.6078993824,443436.5380479835,443436.5380479835,443436.5380479835,443436.5380479835,443436.5380479835,443436.5380479835,443436.5380479835,4502703.203124215,625,250,2965
19,110058,Janakpuri,Delhi,Same-City,Lajpat,584,0.5,292,0.210919205692534,62,0.4,25,18000,450000,133638.40872678955,221718.26902399174,288537.47338738653,355356.6777507813,399396.6078993824,443436.5380479835,443436.5380479835,443436.5380479835,443436.5380479835,443436.5380479835,443436.5380479835,443436.5380479835,4502703.203124215,625,250,2965
20,110091,Mayur Vihar,Delhi,Same-City,Lajpat,584,0.5,292,0.210919205692534,62,0.4,25,18000,450000,133638.40872678955,221718.26902399174,288537.47338738653,355356.6777507813,399396.6078993824,443436.5380479835,443436.5380479835,443436.5380479835,443436.5380479835,443436.5380479835,443436.5380479835,443436.5380479835,4502703.203124215,625,250,2965
21,560001,MG Road/Central Bangalore,Bengaluru,Same-City,JP Ng,537,0.5,269,0.299629180692875,81,0.4,32,18000,576000,174743.7381800847,291239.56363347446,377532.7676730225,463825.9717125705,522073.88443926536,580321.7971659603,580321.7971659603,580321.7971659603,580321.7971659603,580321.7971659603,580321.7971659603,580321.7971659603,5891668.505800138,818,327,2731
22,560011,Malleshwaram,Bengaluru,Same-City,JP Ng,537,0.5,269,0.299629180692875,81,0.4,32,18000,576000,174743.7381800847,291239.56363347446,377532.7676730225,463825.9717125705,522073.88443926536,580321.7971659603,580321.7971659603,580321.7971659603,580321.7971659603,580321.7971659603,580321.7971659603,580321.7971659603,5891668.505800138,818,327,2731
23,560034,Koramangala,Bengaluru,Same-City,JP Ng,537,0.5,269,0.299629180692875,81,0.4,32,18000,576000,174743.7381800847,291239.56363347446,377532.7676730225,463825.9717125705,522073.88443926536,580321.7971659603,580321.7971659603,580321.7971659603,580321.7971659603,580321.7971659603,580321.7971659603,580321.7971659603,5891668.505800138,818,327,2731
24,560085,Marathahalli,Bengaluru,Same-City,JP Ng,537,0.5,269,0.299629180692875,81,0.4,32,18000,576000,174743.7381800847,291239.56363347446,377532.7676730225,463825.9717125705,522073.88443926536,580321.7971659603,580321.7971659603,580321.7971659603,580321.7971659603,580321.7971659603,580321.7971659603,580321.7971659603,5891668.505800138,818,327,2731
25,560102,Electronic City,Bengaluru,Same-City,JP Ng,537,0.5,269,0.299629180692875,81,0.4,32,18000,576000,174743.7381800847,291239.56363347446,377532.7676730225,463825.9717125705,522073.88443926536,580321.7971659603,580321.7971659603,580321.7971659603,580321.7971659603,580321.7971659603,580321.7971659603,580321.7971659603,5891668.505800138,818,327,2731
26,560103,Sarjapur Road,Bengaluru,Same-City,JP Ng,537,0.5,269,0.299629180692875,81,0.4,32,18000,576000,174743.7381800847,291239.56363347446,377532.7676730225,463825.9717125705,522073.88443926536,580321.7971659603,580321.7971659603,580321.7971659603,580321.7971659603,580321.7971659603,580321.7971659603,580321.7971659603,5891668.505800138,818,327,2731
27,560048,BTM Layout,Bengaluru,Same-City,JP Ng,537,0.5,269,0.299629180692875,81,0.4,32,18000,576000,174743.7381800847,291239.56363347446,377532.7676730225,463825.9717125705,522073.88443926536,580321.7971659603,580321.7971659603,580321.7971659603,580321.7971659603,580321.7971659603,580321.7971659603,580321.7971659603,5891668.505800138,818,327,2731
28,560010,Yelahanka,Bengaluru,Same-City,JP Ng,537,0.5,269,0.299629180692875,81,0.4,32,18000,576000,174743.7381800847,291239.56363347446,377532.7676730225,463825.9717125705,522073.88443926536,580321.7971659603,580321.7971659603,580321.7971659603,580321.7971659603,580321.7971659603,580321.7971659603,580321.7971659603,5891668.505800138,818,327,2731
29,560058,HSR Layout,Bengaluru,Same-City,JP Ng,537,0.5,269,0.299629180692875,81,0.4,32,18000,576000,174743.7381800847,291239.56363347446,377532.7676730225,463825.9717125705,522073.88443926536,580321.7971659603,580321.7971659603,580321.7971659603,580321.7971659603,580321.7971659603,580321.7971659603,580321.7971659603,5891668.505800138,818,327,2731
30,560004,Indiranagar,Bengaluru,Same-City,JP Ng,537,0.5,269,0.299629180692875,81,0.4,32,18000,576000,174743.7381800847,291239.56363347446,377532.7676730225,463825.9717125705,522073.88443926536,580321.7971659603,580321.7971659603,580321.7971659603,580321.7971659603,580321.7971659603,580321.7971659603,580321.7971659603,5891668.505800138,818,327,2731
31,500034,Kukatpally,Hyderabad,Same-City,Madhapur,613,0.5,307,0.24023489387535,74,0.4,30,18000,540000,159131.59370303186,266372.4503289881,345938.24718050397,425504.0440320199,477394.78110909555,531015.2094220736,531015.2094220736,531015.2094220736,531015.2094220736,531015.2094220736,531015.2094220736,531015.2094220736,5391447.582308153,749,300,3117
32,500072,LB Nagar,Hyderabad,Same-City,Madhapur,613,0.5,307,0.24023489387535,74,0.4,30,18000,540000,159131.59370303186,266372.4503289881,345938.24718050397,425504.0440320199,477394.78110909555,531015.2094220736,531015.2094220736,531015.2094220736,531015.2094220736,531015.2094220736,531015.2094220736,531015.2094220736,5391447.582308153,749,300,3117
33,500038,Dilsukhnagar,Hyderabad,Same-City,Madhapur,613,0.5,307,0.24023489387535,74,0.4,30,18000,540000,159131.59370303186,266372.4503289881,345938.24718050397,425504.0440320199,477394.78110909555,531015.2094220736,531015.2094220736,531015.2094220736,531015.2094220736,531015.2094220736,531015.2094220736,531015.2094220736,5391447.582308153,749,300,3117
34,500090,Nizampet/Qutubullapur,Hyderabad,Same-City,Madhapur,613,0.5,307,0.24023489387535,74,0.4,30,18000,540000,159131.59370303186,266372.4503289881,345938.24718050397,425504.0440320199,477394.78110909555,531015.2094220736,531015.2094220736,531015.2094220736,531015.2094220736,531015.2094220736,531015.2094220736,531015.2094220736,5391447.582308153,749,300,3117
35,500016,Ameerpet,Hyderabad,Same-City,Madhapur,613,0.5,307,0.24023489387535,74,0.4,30,18000,540000,159131.59370303186,266372.4503289881,345938.24718050397,425504.0440320199,477394.78110909555,531015.2094220736,531015.2094220736,531015.2094220736,531015.2094220736,531015.2094220736,531015.2094220736,531015.2094220736,5391447.582308153,749,300,3117
36,500032,Kondapur,Hyderabad,Same-City,Madhapur,613,0.5,307,0.24023489387535,74,0.4,30,18000,540000,159131.59370303186,266372.4503289881,345938.24718050397,425504.0440320199,477394.78110909555,531015.2094220736,531015.2094220736,531015.2094220736,531015.2094220736,531015.2094220736,531015.2094220736,531015.2094220736,5391447.582308153,749,300,3117
37,500049,Uppal,Hyderabad,Same-City,Madhapur,613,0.5,307,0.24023489387535,74,0.4,30,18000,540000,159131.59370303186,266372.4503289881,345938.24718050397,425504.0440320199,477394.78110909555,531015.2094220736,531015.2094220736,531015.2094220736,531015.2094220736,531015.2094220736,531015.2094220736,531015.2094220736,5391447.582308153,749,300,3117
38,500055,ECIL/Kapra,Hyderabad,Same-City,Madhapur,613,0.5,307,0.24023489387535,74,0.4,30,18000,540000,159131.59370303186,266372.4503289881,345938.24718050397,425504.0440320199,477394.78110909555,531015.2094220736,531015.2094220736,531015.2094220736,531015.2094220736,531015.2094220736,531015.2094220736,531015.2094220736,5391447.582308153,749,300,3117
39,500081,Kompally,Hyderabad,Same-City,Madhapur,613,0.5,307,0.24023489387535,74,0.4,30,18000,540000,159131.59370303186,266372.4503289881,345938.24718050397,425504.0440320199,477394.78110909555,531015.2094220736,531015.2094220736,531015.2094220736,531015.2094220736,531015.2094220736,531015.2094220736,531015.2094220736,5391447.582308153,749,300,3117
40,501401,Shamshabad,Hyderabad,Same-City,Madhapur,613,0.5,307,0.24023489387535,74,0.4,30,18000,540000,159131.59370303186,266372.4503289881,345938.24718050397,425504.0440320199,477394.78110909555,531015.2094220736,531015.2094220736,531015.2094220736,531015.2094220736,531015.2094220736,531015.2094220736,531015.2094220736,5391447.582308153,749,300,3117
41,700091,Salt Lake,Kolkata,Same-City,Ballygunge,882,0.5,441,0.233877876811795,103,0.4,41,18000,738000,222277.53412193,372146.47758292826,483285.2446438932,594424.0117048583,668516.5230788349,742609.0344528116,742609.0344528116,742609.0344528116,742609.0344528116,742609.0344528116,742609.0344528116,742609.0344528116,7538913.032302127,1047,419,4477
42,700064,Behala,Kolkata,Same-City,Ballygunge,882,0.5,441,0.233877876811795,103,0.4,41,18000,738000,222277.53412193,372146.47758292826,483285.2446438932,594424.0117048583,668516.5230788349,742609.0344528116,742609.0344528116,742609.0344528116,742609.0344528116,742609.0344528116,742609.0344528116,742609.0344528116,7538913.032302127,1047,419,4477
43,700059,Lake Town,Kolkata,Same-City,Ballygunge,882,0.5,441,0.233877876811795,103,0.4,41,18000,738000,222277.53412193,372146.47758292826,483285.2446438932,594424.0117048583,668516.5230788349,742609.0344528116,742609.0344528116,742609.0344528116,742609.0344528116,742609.0344528116,742609.0344528116,742609.0344528116,7538913.032302127,1047,419,4477
44,700035,Gariahat,Kolkata,Same-City,Ballygunge,882,0.5,441,0.233877876811795,103,0.4,41,18000,738000,222277.53412193,372146.47758292826,483285.2446438932,594424.0117048583,668516.5230788349,742609.0344528116,742609.0344528116,742609.0344528116,742609.0344528116,742609.0344528116,742609.0344528116,742609.0344528116,7538913.032302127,1047,419,4477
45,700102,Rajarhat,Kolkata,Same-City,Ballygunge,882,0.5,441,0.233877876811795,103,0.4,41,18000,738000,222277.53412193,372146.47758292826,483285.2446438932,594424.0117048583,668516.5230788349,742609.0344528116,742609.0344528116,742609.0344528116,742609.0344528116,742609.0344528116,742609.0344528116,742609.0344528116,7538913.032302127,1047,419,4477
46,700001,BBD Bagh/Central,Kolkata,Same-City,Ballygunge,882,0.5,441,0.233877876811795,103,0.4,41,18000,738000,222277.53412193,372146.47758292826,483285.2446438932,594424.0117048583,668516.5230788349,742609.0344528116,742609.0344528116,742609.0344528116,742609.0344528116,742609.0344528116,742609.0344528116,742609.0344528116,7538913.032302127,1047,419,4477
47,700036,Park Street,Kolkata,Same-City,Ballygunge,882,0.5,441,0.233877876811795,103,0.4,41,18000,738000,222277.53412193,372146.47758292826,483285.2446438932,594424.0117048583,668516.5230788349,742609.0344528116,742609.0344528116,742609.0344528116,742609.0344528116,742609.0344528116,742609.0344528116,742609.0344528116,7538913.032302127,1047,419,4477
48,711101,Howrah (Shibpur),Kolkata,Same-City,Ballygunge,882,0.5,441,0.233877876811795,103,0.4,41,18000,738000,222277.53412193,372146.47758292826,483285.2446438932,594424.0117048583,668516.5230788349,742609.0344528116,742609.0344528116,742609.0344528116,742609.0344528116,742609.0344528116,742609.0344528116,742609.0344528116,7538913.032302127,1047,419,4477
49,743136,Barasat,Kolkata,Same-City,Ballygunge,882,0.5,441,0.233877876811795,103,0.4,41,18000,738000,222277.53412193,372146.47758292826,483285.2446438932,594424.0117048583,668516.5230788349,742609.0344528116,742609.0344528116,742609.0344528116,742609.0344528116,742609.0344528116,742609.0344528116,742609.0344528116,7538913.032302127,1047,419,4477
50,700075,Dumdum,Kolkata,Same-City,Ballygunge,882,0.5,441,0.233877876811795,103,0.4,41,18000,738000,222277.53412193,372146.47758292826,483285.2446438932,594424.0117048583,668516.5230788349,742609.0344528116,742609.0344528116,742609.0344528116,742609.0344528116,742609.0344528116,742609.0344528116,742609.0344528116,7538913.032302127,1047,419,4477
51,380015,Maninagar,Ahmedabad,Same-City,Badakdev,730,0.5,365,0.209826448265128,77,0.4,31,18000,558000,166182.54702598142,276467.32823413267,358047.8513196145,441139.1248326051,497036.8906504352,551423.9060407564,551423.9060407564,551423.9060407564,551423.9060407564,551423.9060407564,551423.9060407564,551423.9060407564,5598841.084348063,778,311,3706
52,380054,Satellite/Prahladnagar,Ahmedabad,Same-City,Badakdev,730,0.5,365,0.209826448265128,77,0.4,31,18000,558000,166182.54702598142,276467.32823413267,358047.8513196145,441139.1248326051,497036.8906504352,551423.9060407564,551423.9060407564,551423.9060407564,551423.9060407564,551423.9060407564,551423.9060407564,551423.9060407564,5598841.084348063,778,311,3706
53,380059,Bopal,Ahmedabad,Same-City,Badakdev,730,0.5,365,0.209826448265128,77,0.4,31,18000,558000,166182.54702598142,276467.32823413267,358047.8513196145,441139.1248326051,497036.8906504352,551423.9060407564,551423.9060407564,551423.9060407564,551423.9060407564,551423.9060407564,551423.9060407564,551423.9060407564,5598841.084348063,778,311,3706
54,382424,Gandhinagar,Ahmedabad,Same-City,Badakdev,730,0.5,365,0.209826448265128,77,0.4,31,18000,558000,166182.54702598142,276467.32823413267,358047.8513196145,441139.1248326051,497036.8906504352,551423.9060407564,551423.9060407564,551423.9060407564,551423.9060407564,551423.9060407564,551423.9060407564,551423.9060407564,5598841.084348063,778,311,3706
55,382481,Naroda,Ahmedabad,Same-City,Badakdev,730,0.5,365,0.209826448265128,77,0.4,31,18000,558000,166182.54702598142,276467.32823413267,358047.8513196145,441139.1248326051,497036.8906504352,551423.9060407564,551423.9060407564,551423.9060407564,551423.9060407564,551423.9060407564,551423.9060407564,551423.9060407564,5598841.084348063,778,311,3706
56,380007,Navrangpura,Ahmedabad,Same-City,Badakdev,730,0.5,365,0.209826448265128,77,0.4,31,18000,558000,166182.54702598142,276467.32823413267,358047.8513196145,441139.1248326051,497036.8906504352,551423.9060407564,551423.9060407564,551423.9060407564,551423.9060407564,551423.9060407564,551423.9060407564,551423.9060407564,5598841.084348063,778,311,3706
57,382340,Chandkheda,Ahmedabad,Same-City,Badakdev,730,0.5,365,0.209826448265128,77,0.4,31,18000,558000,166182.54702598142,276467.32823413267,358047.8513196145,441139.1248326051,497036.8906504352,551423.9060407564,551423.9060407564,551423.9060407564,551423.9060407564,551423.9060407564,551423.9060407564,551423.9060407564,5598841.084348063,778,311,3706
58,380013,Naranpura,Ahmedabad,Same-City,Badakdev,730,0.5,365,0.209826448265128,77,0.4,31,18000,558000,166182.54702598142,276467.32823413267,358047.8513196145,441139.1248326051,497036.8906504352,551423.9060407564,551423.9060407564,551423.9060407564,551423.9060407564,551423.9060407564,551423.9060407564,551423.9060407564,5598841.084348063,778,311,3706
59,380052,Thaltej,Ahmedabad,Same-City,Badakdev,730,0.5,365,0.209826448265128,77,0.4,31,18000,558000,166182.54702598142,276467.32823413267,358047.8513196145,441139.1248326051,497036.8906504352,551423.9060407564,551423.9060407564,551423.9060407564,551423.9060407564,551423.9060407564,551423.9060407564,551423.9060407564,5598841.084348063,778,311,3706
60,382210,Sarkhej-Okaf,Ahmedabad,Same-City,Badakdev,730,0.5,365,0.209826448265128,77,0.4,31,18000,558000,166182.54702598142,276467.32823413267,358047.8513196145,441139.1248326051,497036.8906504352,551423.9060407564,551423.9060407564,551423.9060407564,551423.9060407564,551423.9060407564,551423.9060407564,551423.9060407564,5598841.084348063,778,311,3706
61,411038,Kalyani Nagar,Pune,Same-City,PCMC,432,0.5,216,0.281856320820025,61,0.4,24,18000,432000,131908.7581437717,219171.47506965147,284111.17138658516,351080.23321342317,393696.90892141097,438342.95013930293,438342.95013930293,438342.95013930293,438342.95013930293,438342.95013930293,438342.95013930293,438342.95013930293,4448369.197709963,618,247,2192
62,411006,Deccan,Pune,Same-City,PCMC,432,0.5,216,0.281856320820025,61,0.4,24,18000,432000,131908.7581437717,219171.47506965147,284111.17138658516,351080.23321342317,393696.90892141097,438342.95013930293,438342.95013930293,438342.95013930293,438342.95013930293,438342.95013930293,438342.95013930293,438342.95013930293,4448369.197709963,618,247,2192
63,411021,Hinjewadi,Pune,Same-City,PCMC,432,0.5,216,0.281856320820025,61,0.4,24,18000,432000,131908.7581437717,219171.47506965147,284111.17138658516,351080.23321342317,393696.90892141097,438342.95013930293,438342.95013930293,438342.95013930293,438342.95013930293,438342.95013930293,438342.95013930293,438342.95013930293,4448369.197709963,618,247,2192
64,411045,Hadapsar,Pune,Same-City,PCMC,432,0.5,216,0.281856320820025,61,0.4,24,18000,432000,131908.7581437717,219171.47506965147,284111.17138658516,351080.23321342317,393696.90892141097,438342.95013930293,438342.95013930293,438342.95013930293,438342.95013930293,438342.95013930293,438342.95013930293,438342.95013930293,4448369.197709963,618,247,2192
65,411015,Kothrud,Pune,Same-City,PCMC,432,0.5,216,0.281856320820025,61,0.4,24,18000,432000,131908.7581437717,219171.47506965147,284111.17138658516,351080.23321342317,393696.90892141097,438342.95013930293,438342.95013930293,438342.95013930293,438342.95013930293,438342.95013930293,438342.95013930293,438342.95013930293,4448369.197709963,618,247,2192
66,411001,Shivajinagar,Pune,Same-City,PCMC,432,0.5,216,0.281856320820025,61,0.4,24,18000,432000,131908.7581437717,219171.47506965147,284111.17138658516,351080.23321342317,393696.90892141097,438342.95013930293,438342.95013930293,438342.95013930293,438342.95013930293,438342.95013930293,438342.95013930293,438342.95013930293,4448369.197709963,618,247,2192
67,411057,Wakad,Pune,Same-City,PCMC,432,0.5,216,0.281856320820025,61,0.4,24,18000,432000,131908.7581437717,219171.47506965147,284111.17138658516,351080.23321342317,393696.90892141097,438342.95013930293,438342.95013930293,438342.95013930293,438342.95013930293,438342.95013930293,438342.95013930293,438342.95013930293,4448369.197709963,618,247,2192
68,412308,Wagholi,Pune,Same-City,PCMC,432,0.5,216,0.281856320820025,61,0.4,24,18000,432000,131908.7581437717,219171.47506965147,284111.17138658516,351080.23321342317,393696.90892141097,438342.95013930293,438342.95013930293,438342.95013930293,438342.95013930293,438342.95013930293,438342.95013930293,438342.95013930293,4448369.197709963,618,247,2192
69,411041,Bavdhan,Pune,Same-City,PCMC,432,0.5,216,0.281856320820025,61,0.4,24,18000,432000,131908.7581437717,219171.47506965147,284111.17138658516,351080.23321342317,393696.90892141097,438342.95013930293,438342.95013930293,438342.95013930293,438342.95013930293,438342.95013930293,438342.95013930293,438342.95013930293,4448369.197709963,618,247,2192
70,411027,Pimpri,Pune,Same-City,PCMC,432,0.5,216,0.281856320820025,61,0.4,24,18000,432000,131908.7581437717,219171.47506965147,284111.17138658516,351080.23321342317,393696.90892141097,438342.95013930293,438342.95013930293,438342.95013930293,438342.95013930293,438342.95013930293,438342.95013930293,438342.95013930293,4448369.197709963,618,247,2192
71,226001,Hazratganj,Lucknow,Same-City,Gomati,808,0.5,404,0.145555684073862,59,0.4,24,18000,432000,126808.11196514858,211696.1869170249,275624.2433622651,338504.2988821735,381472.3368207775,423392.3738340498,423392.3738340498,423392.3738340498,423392.3738340498,423392.3738340498,423392.3738340498,423392.3738340498,4297851.794785738,597,239,4101
72,226016,Aliganj,Lucknow,Same-City,Gomati,808,0.5,404,0.145555684073862,59,0.4,24,18000,432000,126808.11196514858,211696.1869170249,275624.2433622651,338504.2988821735,381472.3368207775,423392.3738340498,423392.3738340498,423392.3738340498,423392.3738340498,423392.3738340498,423392.3738340498,423392.3738340498,4297851.794785738,597,239,4101
73,226021,Indira Nagar,Lucknow,Same-City,Gomati,808,0.5,404,0.145555684073862,59,0.4,24,18000,432000,126808.11196514858,211696.1869170249,275624.2433622651,338504.2988821735,381472.3368207775,423392.3738340498,423392.3738340498,423392.3738340498,423392.3738340498,423392.3738340498,423392.3738340498,423392.3738340498,4297851.794785738,597,239,4101
74,226020,Mahanagar,Lucknow,Same-City,Gomati,808,0.5,404,0.145555684073862,59,0.4,24,18000,432000,126808.11196514858,211696.1869170249,275624.2433622651,338504.2988821735,381472.3368207775,423392.3738340498,423392.3738340498,423392.3738340498,423392.3738340498,423392.3738340498,423392.3738340498,423392.3738340498,4297851.794785738,597,239,4101
75,226024,Gomti Nagar Extension,Lucknow,Same-City,Gomati,808,0.5,404,0.145555684073862,59,0.4,24,18000,432000,126808.11196514858,211696.1869170249,275624.2433622651,338504.2988821735,381472.3368207775,423392.3738340498,423392.3738340498,423392.3738340498,423392.3738340498,423392.3738340498,423392.3738340498,423392.3738340498,4297851.794785738,597,239,4101
76,226003,Aminabad,Lucknow,Same-City,Gomati,808,0.5,404,0.145555684073862,59,0.4,24,18000,432000,126808.11196514858,211696.1869170249,275624.2433622651,338504.2988821735,381472.3368207775,423392.3738340498,423392.3738340498,423392.3738340498,423392.3738340498,423392.3738340498,423392.3738340498,423392.3738340498,4297851.794785738,597,239,4101
77,226004,Chinhat,Lucknow,Same-City,Gomati,808,0.5,404,0.145555684073862,59,0.4,24,18000,432000,126808.11196514858,211696.1869170249,275624.2433622651,338504.2988821735,381472.3368207775,423392.3738340498,423392.3738340498,423392.3738340498,423392.3738340498,423392.3738340498,423392.3738340498,423392.3738340498,4297851.794785738,597,239,4101
78,226028,Jankipuram,Lucknow,Same-City,Gomati,808,0.5,404,0.145555684073862,59,0.4,24,18000,432000,126808.11196514858,211696.1869170249,275624.2433622651,338504.2988821735,381472.3368207775,423392.3738340498,423392.3738340498,423392.3738340498,423392.3738340498,423392.3738340498,423392.3738340498,423392.3738340498,4297851.794785738,597,239,4101
79,226007,Vikas Nagar,Lucknow,Same-City,Gomati,808,0.5,404,0.145555684073862,59,0.4,24,18000,432000,126808.11196514858,211696.1869170249,275624.2433622651,338504.2988821735,381472.3368207775,423392.3738340498,423392.3738340498,423392.3738340498,423392.3738340498,423392.3738340498,423392.3738340498,423392.3738340498,4297851.794785738,597,239,4101
80,226005,Chowk,Lucknow,Same-City,Gomati,808,0.5,404,0.145555684073862,59,0.4,24,18000,432000,126808.11196514858,211696.1869170249,275624.2433622651,338504.2988821735,381472.3368207775,423392.3738340498,423392.3738340498,423392.3738340498,423392.3738340498,423392.3738340498,423392.3738340498,423392.3738340498,4297851.794785738,597,239,4101
81,395002,Ring Road/Athwa,Surat,Same-City,Vesu,591,0.5,296,0.154930516192096,46,0.4,18,18000,324000,99279.47477589513,165093.95805429752,214175.94558395352,264373.4328301926,296722.9246111023,330187.91610859503,330187.91610859503,330187.91610859503,330187.91610859503,330187.91610859503,330187.91610859503,330187.91610859503,3350961.1486156066,465,186,3004
82,395010,Varachha,Surat,Same-City,Vesu,591,0.5,296,0.154930516192096,46,0.4,18,18000,324000,99279.47477589513,165093.95805429752,214175.94558395352,264373.4328301926,296722.9246111023,330187.91610859503,330187.91610859503,330187.91610859503,330187.91610859503,330187.91610859503,330187.91610859503,330187.91610859503,3350961.1486156066,465,186,3004
83,395007,Katargam,Surat,Same-City,Vesu,591,0.5,296,0.154930516192096,46,0.4,18,18000,324000,99279.47477589513,165093.95805429752,214175.94558395352,264373.4328301926,296722.9246111023,330187.91610859503,330187.91610859503,330187.91610859503,330187.91610859503,330187.91610859503,330187.91610859503,330187.91610859503,3350961.1486156066,465,186,3004
84,394210,Udhna,Surat,Same-City,Vesu,591,0.5,296,0.154930516192096,46,0.4,18,18000,324000,99279.47477589513,165093.95805429752,214175.94558395352,264373.4328301926,296722.9246111023,330187.91610859503,330187.91610859503,330187.91610859503,330187.91610859503,330187.91610859503,330187.91610859503,330187.91610859503,3350961.1486156066,465,186,3004
85,395004,Majura Gate,Surat,Same-City,Vesu,591,0.5,296,0.154930516192096,46,0.4,18,18000,324000,99279.47477589513,165093.95805429752,214175.94558395352,264373.4328301926,296722.9246111023,330187.91610859503,330187.91610859503,330187.91610859503,330187.91610859503,330187.91610859503,330187.91610859503,330187.91610859503,3350961.1486156066,465,186,3004
86,395017,Pal/Dumas Road,Surat,Same-City,Vesu,591,0.5,296,0.154930516192096,46,0.4,18,18000,324000,99279.47477589513,165093.95805429752,214175.94558395352,264373.4328301926,296722.9246111023,330187.91610859503,330187.91610859503,330187.91610859503,330187.91610859503,330187.91610859503,330187.91610859503,330187.91610859503,3350961.1486156066,465,186,3004
87,394230,Bardoli,Surat,Same-City,Vesu,591,0.5,296,0.154930516192096,46,0.4,18,18000,324000,99279.47477589513,165093.95805429752,214175.94558395352,264373.4328301926,296722.9246111023,330187.91610859503,330187.91610859503,330187.91610859503,330187.91610859503,330187.91610859503,330187.91610859503,330187.91610859503,3350961.1486156066,465,186,3004
88,395023,Althan,Surat,Same-City,Vesu,591,0.5,296,0.154930516192096,46,0.4,18,18000,324000,99279.47477589513,165093.95805429752,214175.94558395352,264373.4328301926,296722.9246111023,330187.91610859503,330187.91610859503,330187.91610859503,330187.91610859503,330187.91610859503,330187.91610859503,330187.91610859503,3350961.1486156066,465,186,3004
89,395003,Nanpura,Surat,Same-City,Vesu,591,0.5,296,0.154930516192096,46,0.4,18,18000,324000,99279.47477589513,165093.95805429752,214175.94558395352,264373.4328301926,296722.9246111023,330187.91610859503,330187.91610859503,330187.91610859503,330187.91610859503,330187.91610859503,330187.91610859503,330187.91610859503,3350961.1486156066,465,186,3004
90,395006,Limbayat,Surat,Same-City,Vesu,591,0.5,296,0.154930516192096,46,0.4,18,18000,324000,99279.47477589513,165093.95805429752,214175.94558395352,264373.4328301926,296722.9246111023,330187.91610859503,330187.91610859503,330187.91610859503,330187.91610859503,330187.91610859503,330187.91610859503,330187.91610859503,3350961.1486156066,465,186,3004
91,800001,Patna City/Bankipore,Patna,Same-City,KankarBagh,1125,0.5,563,0.115291750112121,65,0.4,26,18000,468000,140287.00153642884,234088.3694276505,303816.8198954613,373545.2703632721,420861.00460928655,467346.6382544937,467346.6382544937,467346.6382544937,467346.6382544937,467346.6382544937,467346.6382544937,467346.6382544937,4744024.933613555,659,264,5715
92,800006,Boring Road,Patna,Same-City,KankarBagh,1125,0.5,563,0.115291750112121,65,0.4,26,18000,468000,140287.00153642884,234088.3694276505,303816.8198954613,373545.2703632721,420861.00460928655,467346.6382544937,467346.6382544937,467346.6382544937,467346.6382544937,467346.6382544937,467346.6382544937,467346.6382544937,4744024.933613555,659,264,5715
93,800014,Rajendra Nagar,Patna,Same-City,KankarBagh,1125,0.5,563,0.115291750112121,65,0.4,26,18000,468000,140287.00153642884,234088.3694276505,303816.8198954613,373545.2703632721,420861.00460928655,467346.6382544937,467346.6382544937,467346.6382544937,467346.6382544937,467346.6382544937,467346.6382544937,467346.6382544937,4744024.933613555,659,264,5715
94,800025,Bailey Road,Patna,Same-City,KankarBagh,1125,0.5,563,0.115291750112121,65,0.4,26,18000,468000,140287.00153642884,234088.3694276505,303816.8198954613,373545.2703632721,420861.00460928655,467346.6382544937,467346.6382544937,467346.6382544937,467346.6382544937,467346.6382544937,467346.6382544937,467346.6382544937,4744024.933613555,659,264,5715
95,800002,Exhibition Road,Patna,Same-City,KankarBagh,1125,0.5,563,0.115291750112121,65,0.4,26,18000,468000,140287.00153642884,234088.3694276505,303816.8198954613,373545.2703632721,420861.00460928655,467346.6382544937,467346.6382544937,467346.6382544937,467346.6382544937,467346.6382544937,467346.6382544937,467346.6382544937,4744024.933613555,659,264,5715
96,800004,Danapur,Patna,Same-City,KankarBagh,1125,0.5,563,0.115291750112121,65,0.4,26,18000,468000,140287.00153642884,234088.3694276505,303816.8198954613,373545.2703632721,420861.00460928655,467346.6382544937,467346.6382544937,467346.6382544937,467346.6382544937,467346.6382544937,467346.6382544937,467346.6382544937,4744024.933613555,659,264,5715
97,800007,Patliputra Colony,Patna,Same-City,KankarBagh,1125,0.5,563,0.115291750112121,65,0.4,26,18000,468000,140287.00153642884,234088.3694276505,303816.8198954613,373545.2703632721,420861.00460928655,467346.6382544937,467346.6382544937,467346.6382544937,467346.6382544937,467346.6382544937,467346.6382544937,467346.6382544937,4744024.933613555,659,264,5715
98,800013,Ashiana More/Digha,Patna,Same-City,KankarBagh,1125,0.5,563,0.115291750112121,65,0.4,26,18000,468000,140287.00153642884,234088.3694276505,303816.8198954613,373545.2703632721,420861.00460928655,467346.6382544937,467346.6382544937,467346.6382544937,467346.6382544937,467346.6382544937,467346.6382544937,467346.6382544937,4744024.933613555,659,264,5715
99,801503,Phulwari Sharif,Patna,Same-City,KankarBagh,1125,0.5,563,0.115291750112121,65,0.4,26,18000,468000,140287.00153642884,234088.3694276505,303816.8198954613,373545.2703632721,420861.00460928655,467346.6382544937,467346.6382544937,467346.6382544937,467346.6382544937,467346.6382544937,467346.6382544937,467346.6382544937,4744024.933613555,659,264,5715
100,800010,Gardanibagh,Patna,Same-City,KankarBagh,1125,0.5,563,0.115291750112121,65,0.4,26,18000,468000,140287.00153642884,234088.3694276505,303816.8198954613,373545.2703632721,420861.00460928655,467346.6382544937,467346.6382544937,467346.6382544937,467346.6382544937,467346.6382544937,467346.6382544937,467346.6382544937,4744024.933613555,659,264,5715
101,641018,RS Puram,Coimbatore,New City (Tier-2),New Market,630,1.0,630,0.2,126,0.4,50,18000,900000,272160.00000000006,453600.00000000006,590400.0000000001,725760.0000000001,816480.0000000001,907200.0000000001,907200.0000000001,907200.0000000001,907200.0000000001,907200.0000000001,907200.0000000001,907200.0000000001,9208800.000000002,1279,512,6395
102,641037,Gandhipuram,Coimbatore,New City (Tier-2),New Market,630,1.0,630,0.2,126,0.4,50,18000,900000,272160.00000000006,453600.00000000006,590400.0000000001,725760.0000000001,816480.0000000001,907200.0000000001,907200.0000000001,907200.0000000001,907200.0000000001,907200.0000000001,907200.0000000001,907200.0000000001,9208800.000000002,1279,512,6395
103,641004,Peelamedu,Coimbatore,New City (Tier-2),New Market,630,1.0,630,0.2,126,0.4,50,18000,900000,272160.00000000006,453600.00000000006,590400.0000000001,725760.0000000001,816480.0000000001,907200.0000000001,907200.0000000001,907200.0000000001,907200.0000000001,907200.0000000001,907200.0000000001,907200.0000000001,9208800.000000002,1279,512,6395
104,641035,Saravanampatti,Coimbatore,New City (Tier-2),New Market,630,1.0,630,0.2,126,0.4,50,18000,900000,272160.00000000006,453600.00000000006,590400.0000000001,725760.0000000001,816480.0000000001,907200.0000000001,907200.0000000001,907200.0000000001,907200.0000000001,907200.0000000001,907200.0000000001,907200.0000000001,9208800.000000002,1279,512,6395
105,641011,Singanallur,Coimbatore,New City (Tier-2),New Market,630,1.0,630,0.2,126,0.4,50,18000,900000,272160.00000000006,453600.00000000006,590400.0000000001,725760.0000000001,816480.0000000001,907200.0000000001,907200.0000000001,907200.0000000001,907200.0000000001,907200.0000000001,907200.0000000001,907200.0000000001,9208800.000000002,1279,512,6395
106,831001,Bistupur,Jamshedpur,New City (Tier-2),New Market,450,1.0,450,0.2,90,0.4,36,18000,648000,194400.0,324000.0,421920.0,518400.0,583200.0,648000.0,648000.0,648000.0,648000.0,648000.0,648000.0,648000.0,6577920.0,914,366,4568
107,831004,Sakchi,Jamshedpur,New City (Tier-2),New Market,450,1.0,450,0.2,90,0.4,36,18000,648000,194400.0,324000.0,421920.0,518400.0,583200.0,648000.0,648000.0,648000.0,648000.0,648000.0,648000.0,648000.0,6577920.0,914,366,4568
108,831005,Kadma,Jamshedpur,New City (Tier-2),New Market,450,1.0,450,0.2,90,0.4,36,18000,648000,194400.0,324000.0,421920.0,518400.0,583200.0,648000.0,648000.0,648000.0,648000.0,648000.0,648000.0,648000.0,6577920.0,914,366,4568
109,831011,Telco/Tatanagar,Jamshedpur,New City (Tier-2),New Market,450,1.0,450,0.2,90,0.4,36,18000,648000,194400.0,324000.0,421920.0,518400.0,583200.0,648000.0,648000.0,648000.0,648000.0,648000.0,648000.0,648000.0,6577920.0,914,366,4568
110,831009,Sonari,Jamshedpur,New City (Tier-2),New Market,450,1.0,450,0.2,90,0.4,36,18000,648000,194400.0,324000.0,421920.0,518400.0,583200.0,648000.0,648000.0,648000.0,648000.0,648000.0,648000.0,648000.0,6577920.0,914,366,4568
111,482002,Wright Town,Jabalpur,New City (Tier-2),New Market,390,1.0,390,0.2,78,0.4,31,18000,558000,168480.00000000003,280800.0,365760.00000000006,449280.00000000006,505440.00000000006,561600.0,561600.0,561600.0,561600.0,561600.0,561600.0,561600.0,5700960.0,792,317,3959
112,482001,Sadar Bazaar,Jabalpur,New City (Tier-2),New Market,390,1.0,390,0.2,78,0.4,31,18000,558000,168480.00000000003,280800.0,365760.00000000006,449280.00000000006,505440.00000000006,561600.0,561600.0,561600.0,561600.0,561600.0,561600.0,561600.0,5700960.0,792,317,3959
113,482003,Napier Town,Jabalpur,New City (Tier-2),New Market,390,1.0,390,0.2,78,0.4,31,18000,558000,168480.00000000003,280800.0,365760.00000000006,449280.00000000006,505440.00000000006,561600.0,561600.0,561600.0,561600.0,561600.0,561600.0,561600.0,5700960.0,792,317,3959
114,482005,Adhartal,Jabalpur,New City (Tier-2),New Market,390,1.0,390,0.2,78,0.4,31,18000,558000,168480.00000000003,280800.0,365760.00000000006,449280.00000000006,505440.00000000006,561600.0,561600.0,561600.0,561600.0,561600.0,561600.0,561600.0,5700960.0,792,317,3959
115,482011,Vijay Nagar,Jabalpur,New City (Tier-2),New Market,390,1.0,390,0.2,78,0.4,31,18000,558000,168480.00000000003,280800.0,365760.00000000006,449280.00000000006,505440.00000000006,561600.0,561600.0,561600.0,561600.0,561600.0,561600.0,561600.0,5700960.0,792,317,3959
116,147001,Mall Road/Civil Lines,Patiala,New City (Tier-2),New Market,150,1.0,150,0.2,30,0.4,12,18000,216000,64800.0,108000.0,141120.0,172800.00000000003,194400.0,216000.0,216000.0,216000.0,216000.0,216000.0,216000.0,216000.0,2193120.0,305,122,1523
117,147002,Model Town,Patiala,New City (Tier-2),New Market,150,1.0,150,0.2,30,0.4,12,18000,216000,64800.0,108000.0,141120.0,172800.00000000003,194400.0,216000.0,216000.0,216000.0,216000.0,216000.0,216000.0,216000.0,2193120.0,305,122,1523
118,147003,Rajpura Road,Patiala,New City (Tier-2),New Market,150,1.0,150,0.2,30,0.4,12,18000,216000,64800.0,108000.0,141120.0,172800.00000000003,194400.0,216000.0,216000.0,216000.0,216000.0,216000.0,216000.0,216000.0,2193120.0,305,122,1523
119,147004,Passi Road,Patiala,New City (Tier-2),New Market,150,1.0,150,0.2,30,0.4,12,18000,216000,64800.0,108000.0,141120.0,172800.00000000003,194400.0,216000.0,216000.0,216000.0,216000.0,216000.0,216000.0,216000.0,2193120.0,305,122,1523
120,147201,Rajpura,Patiala,New City (Tier-2),New Market,150,1.0,150,0.2,30,0.4,12,18000,216000,64800.0,108000.0,141120.0,172800.00000000003,194400.0,216000.0,216000.0,216000.0,216000.0,216000.0,216000.0,216000.0,2193120.0,305,122,1523
121,682024,MG Road/Ernakulam,Ernakulam/Kochi,New City (Tier-2),New Market,630,1.0,630,0.2,126,0.4,50,18000,900000,272160.00000000006,453600.00000000006,590400.0000000001,725760.0000000001,816480.0000000001,907200.0000000001,907200.0000000001,907200.0000000001,907200.0000000001,907200.0000000001,907200.0000000001,907200.0000000001,9208800.000000002,1279,512,6395
122,682017,Edappally,Ernakulam/Kochi,New City (Tier-2),New Market,630,1.0,630,0.2,126,0.4,50,18000,900000,272160.00000000006,453600.00000000006,590400.0000000001,725760.0000000001,816480.0000000001,907200.0000000001,907200.0000000001,907200.0000000001,907200.0000000001,907200.0000000001,907200.0000000001,907200.0000000001,9208800.000000002,1279,512,6395
123,682030,Kakkanad,Ernakulam/Kochi,New City (Tier-2),New Market,630,1.0,630,0.2,126,0.4,50,18000,900000,272160.00000000006,453600.00000000006,590400.0000000001,725760.0000000001,816480.0000000001,907200.0000000001,907200.0000000001,907200.0000000001,907200.0000000001,907200.0000000001,907200.0000000001,907200.0000000001,9208800.000000002,1279,512,6395
124,682019,Kaloor,Ernakulam/Kochi,New City (Tier-2),New Market,630,1.0,630,0.2,126,0.4,50,18000,900000,272160.00000000006,453600.00000000006,590400.0000000001,725760.0000000001,816480.0000000001,907200.0000000001,907200.0000000001,907200.0000000001,907200.0000000001,907200.0000000001,907200.0000000001,907200.0000000001,9208800.000000002,1279,512,6395
125,682301,Aluva,Ernakulam/Kochi,New City (Tier-2),New Market,630,1.0,630,0.2,126,0.4,50,18000,900000,272160.00000000006,453600.00000000006,590400.0000000001,725760.0000000001,816480.0000000001,907200.0000000001,907200.0000000001,907200.0000000001,907200.0000000001,907200.0000000001,907200.0000000001,907200.0000000001,9208800.000000002,1279,512,6395
126,342001,Station Road/Sojati Gate,Jodhpur,New City (Tier-2),New Market,390,1.0,390,0.2,78,0.4,31,18000,558000,168480.00000000003,280800.0,365760.00000000006,449280.00000000006,505440.00000000006,561600.0,561600.0,561600.0,561600.0,561600.0,561600.0,561600.0,5700960.0,792,317,3959
127,342003,Paota,Jodhpur,New City (Tier-2),New Market,390,1.0,390,0.2,78,0.4,31,18000,558000,168480.00000000003,280800.0,365760.00000000006,449280.00000000006,505440.00000000006,561600.0,561600.0,561600.0,561600.0,561600.0,561600.0,561600.0,5700960.0,792,317,3959
128,342008,Shastri Nagar,Jodhpur,New City (Tier-2),New Market,390,1.0,390,0.2,78,0.4,31,18000,558000,168480.00000000003,280800.0,365760.00000000006,449280.00000000006,505440.00000000006,561600.0,561600.0,561600.0,561600.0,561600.0,561600.0,561600.0,5700960.0,792,317,3959
129,342005,Sardarpura,Jodhpur,New City (Tier-2),New Market,390,1.0,390,0.2,78,0.4,31,18000,558000,168480.00000000003,280800.0,365760.00000000006,449280.00000000006,505440.00000000006,561600.0,561600.0,561600.0,561600.0,561600.0,561600.0,561600.0,5700960.0,792,317,3959
130,342010,Pal Road,Jodhpur,New City (Tier-2),New Market,390,1.0,390,0.2,78,0.4,31,18000,558000,168480.00000000003,280800.0,365760.00000000006,449280.00000000006,505440.00000000006,561600.0,561600.0,561600.0,561600.0,561600.0,561600.0,561600.0,5700960.0,792,317,3959
131,575003,Hampankatta,Mangalore,New City (Tier-2),New Market,210,1.0,210,0.2,42,0.4,17,18000,306000,90720.00000000001,151200.0,197280.00000000003,241920.00000000003,272160.00000000006,302400.0,302400.0,302400.0,302400.0,302400.0,302400.0,302400.0,3070080.0,426,170,2132
132,575001,Balmatta,Mangalore,New City (Tier-2),New Market,210,1.0,210,0.2,42,0.4,17,18000,306000,90720.00000000001,151200.0,197280.00000000003,241920.00000000003,272160.00000000006,302400.0,302400.0,302400.0,302400.0,302400.0,302400.0,302400.0,3070080.0,426,170,2132
133,575006,Kadri,Mangalore,New City (Tier-2),New Market,210,1.0,210,0.2,42,0.4,17,18000,306000,90720.00000000001,151200.0,197280.00000000003,241920.00000000003,272160.00000000006,302400.0,302400.0,302400.0,302400.0,302400.0,302400.0,302400.0,3070080.0,426,170,2132
134,575004,Bejai,Mangalore,New City (Tier-2),New Market,210,1.0,210,0.2,42,0.4,17,18000,306000,90720.00000000001,151200.0,197280.00000000003,241920.00000000003,272160.00000000006,302400.0,302400.0,302400.0,302400.0,302400.0,302400.0,302400.0,3070080.0,426,170,2132
135,575002,Kankanady,Mangalore,New City (Tier-2),New Market,210,1.0,210,0.2,42,0.4,17,18000,306000,90720.00000000001,151200.0,197280.00000000003,241920.00000000003,272160.00000000006,302400.0,302400.0,302400.0,302400.0,302400.0,302400.0,302400.0,3070080.0,426,170,2132
136,799001,Agartala Central,Agartala,New City (Tier-3),New Market,150,1.0,150,0.2,30,0.4,12,18000,216000,64800.0,108000.0,141120.0,172800.00000000003,194400.0,216000.0,216000.0,216000.0,216000.0,216000.0,216000.0,216000.0,2193120.0,305,122,1523
137,799003,Banamalipur,Agartala,New City (Tier-3),New Market,150,1.0,150,0.2,30,0.4,12,18000,216000,64800.0,108000.0,141120.0,172800.00000000003,194400.0,216000.0,216000.0,216000.0,216000.0,216000.0,216000.0,216000.0,2193120.0,305,122,1523
138,799004,Kunjaban,Agartala,New City (Tier-3),New Market,150,1.0,150,0.2,30,0.4,12,18000,216000,64800.0,108000.0,141120.0,172800.00000000003,194400.0,216000.0,216000.0,216000.0,216000.0,216000.0,216000.0,216000.0,2193120.0,305,122,1523
139,799002,Battala,Agartala,New City (Tier-3),New Market,150,1.0,150,0.2,30,0.4,12,18000,216000,64800.0,108000.0,141120.0,172800.00000000003,194400.0,216000.0,216000.0,216000.0,216000.0,216000.0,216000.0,216000.0,2193120.0,305,122,1523
140,799006,Ramnagar,Agartala,New City (Tier-3),New Market,150,1.0,150,0.2,30,0.4,12,18000,216000,64800.0,108000.0,141120.0,172800.00000000003,194400.0,216000.0,216000.0,216000.0,216000.0,216000.0,216000.0,216000.0,2193120.0,305,122,1523
141,243001,Bareilly City,Bareilly,New City (Tier-2),New Market,300,1.0,300,0.2,60,0.4,24,18000,432000,129600.0,216000.0,280800.0,345600.00000000006,388800.0,432000.0,432000.0,432000.0,432000.0,432000.0,432000.0,432000.0,4384800.0,609,244,3045
142,243005,Rajendra Nagar,Bareilly,New City (Tier-2),New Market,300,1.0,300,0.2,60,0.4,24,18000,432000,129600.0,216000.0,280800.0,345600.00000000006,388800.0,432000.0,432000.0,432000.0,432000.0,432000.0,432000.0,432000.0,4384800.0,609,244,3045
143,243002,CB Ganj,Bareilly,New City (Tier-2),New Market,300,1.0,300,0.2,60,0.4,24,18000,432000,129600.0,216000.0,280800.0,345600.00000000006,388800.0,432000.0,432000.0,432000.0,432000.0,432000.0,432000.0,432000.0,4384800.0,609,244,3045
144,243003,Izzat Nagar,Bareilly,New City (Tier-2),New Market,300,1.0,300,0.2,60,0.4,24,18000,432000,129600.0,216000.0,280800.0,345600.00000000006,388800.0,432000.0,432000.0,432000.0,432000.0,432000.0,432000.0,432000.0,4384800.0,609,244,3045
145,243122,Pilibhit Road,Bareilly,New City (Tier-2),New Market,300,1.0,300,0.2,60,0.4,24,18000,432000,129600.0,216000.0,280800.0,345600.00000000006,388800.0,432000.0,432000.0,432000.0,432000.0,432000.0,432000.0,432000.0,4384800.0,609,244,3045
146,530002,Dwaraka Nagar,Vishakhapatnam,New City (Tier-2),New Market,630,1.0,630,0.2,126,0.4,50,18000,900000,272160.00000000006,453600.00000000006,590400.0000000001,725760.0000000001,816480.0000000001,907200.0000000001,907200.0000000001,907200.0000000001,907200.0000000001,907200.0000000001,907200.0000000001,907200.0000000001,9208800.000000002,1279,512,6395
147,530016,MVP Colony,Vishakhapatnam,New City (Tier-2),New Market,630,1.0,630,0.2,126,0.4,50,18000,900000,272160.00000000006,453600.00000000006,590400.0000000001,725760.0000000001,816480.0000000001,907200.0000000001,907200.0000000001,907200.0000000001,907200.0000000001,907200.0000000001,907200.0000000001,907200.0000000001,9208800.000000002,1279,512,6395
148,530003,Ram Nagar,Vishakhapatnam,New City (Tier-2),New Market,630,1.0,630,0.2,126,0.4,50,18000,900000,272160.00000000006,453600.00000000006,590400.0000000001,725760.0000000001,816480.0000000001,907200.0000000001,907200.0000000001,907200.0000000001,907200.0000000001,907200.0000000001,907200.0000000001,907200.0000000001,9208800.000000002,1279,512,6395
149,530017,Seethammadhara,Vishakhapatnam,New City (Tier-2),New Market,630,1.0,630,0.2,126,0.4,50,18000,900000,272160.00000000006,453600.00000000006,590400.0000000001,725760.0000000001,816480.0000000001,907200.0000000001,907200.0000000001,907200.0000000001,907200.0000000001,907200.0000000001,907200.0000000001,907200.0000000001,9208800.000000002,1279,512,6395
150,530045,Gajuwaka,Vishakhapatnam,New City (Tier-2),New Market,630,1.0,630,0.2,126,0.4,50,18000,900000,272160.00000000006,453600.00000000006,590400.0000000001,725760.0000000001,816480.0000000001,907200.0000000001,907200.0000000001,907200.0000000001,907200.0000000001,907200.0000000001,907200.0000000001,907200.0000000001,9208800.000000002,1279,512,6395
151,180001,Jammu City,Jammu,New City (Tier-2),New Market,180,1.0,180,0.2,36,0.4,14,18000,252000,77760.0,129600.0,168480.00000000003,207360.00000000003,233280.00000000003,259200.0,259200.0,259200.0,259200.0,259200.0,259200.0,259200.0,2630880.0,365,146,1827
152,180004,Gandhi Nagar,Jammu,New City (Tier-2),New Market,180,1.0,180,0.2,36,0.4,14,18000,252000,77760.0,129600.0,168480.00000000003,207360.00000000003,233280.00000000003,259200.0,259200.0,259200.0,259200.0,259200.0,259200.0,259200.0,2630880.0,365,146,1827
153,180005,Trikuta Nagar,Jammu,New City (Tier-2),New Market,180,1.0,180,0.2,36,0.4,14,18000,252000,77760.0,129600.0,168480.00000000003,207360.00000000003,233280.00000000003,259200.0,259200.0,259200.0,259200.0,259200.0,259200.0,259200.0,2630880.0,365,146,1827
154,180006,Talab Tillo,Jammu,New City (Tier-2),New Market,180,1.0,180,0.2,36,0.4,14,18000,252000,77760.0,129600.0,168480.00000000003,207360.00000000003,233280.00000000003,259200.0,259200.0,259200.0,259200.0,259200.0,259200.0,259200.0,2630880.0,365,146,1827
155,180010,Channi Himmat,Jammu,New City (Tier-2),New Market,180,1.0,180,0.2,36,0.4,14,18000,252000,77760.0,129600.0,168480.00000000003,207360.00000000003,233280.00000000003,259200.0,259200.0,259200.0,259200.0,259200.0,259200.0,259200.0,2630880.0,365,146,1827
156,190001,Lal Chowk,Srinagar,New City (Tier-2),New Market,450,1.0,450,0.2,90,0.4,36,18000,648000,194400.0,324000.0,421920.0,518400.0,583200.0,648000.0,648000.0,648000.0,648000.0,648000.0,648000.0,648000.0,6577920.0,914,366,4568
157,190008,Hyderpora,Srinagar,New City (Tier-2),New Market,450,1.0,450,0.2,90,0.4,36,18000,648000,194400.0,324000.0,421920.0,518400.0,583200.0,648000.0,648000.0,648000.0,648000.0,648000.0,648000.0,648000.0,6577920.0,914,366,4568
158,190006,Rajbagh,Srinagar,New City (Tier-2),New Market,450,1.0,450,0.2,90,0.4,36,18000,648000,194400.0,324000.0,421920.0,518400.0,583200.0,648000.0,648000.0,648000.0,648000.0,648000.0,648000.0,648000.0,6577920.0,914,366,4568
159,190011,Bemina,Srinagar,New City (Tier-2),New Market,450,1.0,450,0.2,90,0.4,36,18000,648000,194400.0,324000.0,421920.0,518400.0,583200.0,648000.0,648000.0,648000.0,648000.0,648000.0,648000.0,648000.0,6577920.0,914,366,4568
160,190010,Nowgam,Srinagar,New City (Tier-2),New Market,450,1.0,450,0.2,90,0.4,36,18000,648000,194400.0,324000.0,421920.0,518400.0,583200.0,648000.0,648000.0,648000.0,648000.0,648000.0,648000.0,648000.0,6577920.0,914,366,4568
161,793001,Police Bazaar,Shillong,New City (Tier-3),New Market,120,1.0,120,0.2,24,0.4,10,18000,180000,51840.00000000001,86400.00000000001,112320.00000000001,138240.00000000003,155520.0,172800.00000000003,172800.00000000003,172800.00000000003,172800.00000000003,172800.00000000003,172800.00000000003,172800.00000000003,1753920.0000000002,244,98,1218
162,793003,Laitumkhrah,Shillong,New City (Tier-3),New Market,120,1.0,120,0.2,24,0.4,10,18000,180000,51840.00000000001,86400.00000000001,112320.00000000001,138240.00000000003,155520.0,172800.00000000003,172800.00000000003,172800.00000000003,172800.00000000003,172800.00000000003,172800.00000000003,172800.00000000003,1753920.0000000002,244,98,1218
163,793004,Mawlai,Shillong,New City (Tier-3),New Market,120,1.0,120,0.2,24,0.4,10,18000,180000,51840.00000000001,86400.00000000001,112320.00000000001,138240.00000000003,155520.0,172800.00000000003,172800.00000000003,172800.00000000003,172800.00000000003,172800.00000000003,172800.00000000003,172800.00000000003,1753920.0000000002,244,98,1218
164,793014,Nongthymmai,Shillong,New City (Tier-3),New Market,120,1.0,120,0.2,24,0.4,10,18000,180000,51840.00000000001,86400.00000000001,112320.00000000001,138240.00000000003,155520.0,172800.00000000003,172800.00000000003,172800.00000000003,172800.00000000003,172800.00000000003,172800.00000000003,172800.00000000003,1753920.0000000002,244,98,1218
165,793006,Rynjah,Shillong,New City (Tier-3),New Market,120,1.0,120,0.2,24,0.4,10,18000,180000,51840.00000000001,86400.00000000001,112320.00000000001,138240.00000000003,155520.0,172800.00000000003,172800.00000000003,172800.00000000003,172800.00000000003,172800.00000000003,172800.00000000003,172800.00000000003,1753920.0000000002,244,98,1218
166,795001,Imphal Central,Imphal,New City (Tier-3),New Market,150,1.0,150,0.2,30,0.4,12,18000,216000,64800.0,108000.0,141120.0,172800.00000000003,194400.0,216000.0,216000.0,216000.0,216000.0,216000.0,216000.0,216000.0,2193120.0,305,122,1523
167,795003,Singjamei,Imphal,New City (Tier-3),New Market,150,1.0,150,0.2,30,0.4,12,18000,216000,64800.0,108000.0,141120.0,172800.00000000003,194400.0,216000.0,216000.0,216000.0,216000.0,216000.0,216000.0,216000.0,2193120.0,305,122,1523
168,795004,Lamphel,Imphal,New City (Tier-3),New Market,150,1.0,150,0.2,30,0.4,12,18000,216000,64800.0,108000.0,141120.0,172800.00000000003,194400.0,216000.0,216000.0,216000.0,216000.0,216000.0,216000.0,216000.0,2193120.0,305,122,1523
169,795005,Sagolband,Imphal,New City (Tier-3),New Market,150,1.0,150,0.2,30,0.4,12,18000,216000,64800.0,108000.0,141120.0,172800.00000000003,194400.0,216000.0,216000.0,216000.0,216000.0,216000.0,216000.0,216000.0,2193120.0,305,122,1523
170,795010,Porompat,Imphal,New City (Tier-3),New Market,150,1.0,150,0.2,30,0.4,12,18000,216000,64800.0,108000.0,141120.0,172800.00000000003,194400.0,216000.0,216000.0,216000.0,216000.0,216000.0,216000.0,216000.0,2193120.0,305,122,1523
171,737101,MG Marg/Central,Gangtok,New City (Tier-3),New Market,45,1.0,45,0.2,9,0.4,4,18000,72000,20160.000000000004,33120.00000000001,41760.00000000001,51840.00000000001,59040.000000000015,64800.0,64800.0,64800.0,64800.0,64800.0,64800.0,64800.0,659520.0,92,37,458
172,737102,Tadong,Gangtok,New City (Tier-3),New Market,45,1.0,45,0.2,9,0.4,4,18000,72000,20160.000000000004,33120.00000000001,41760.00000000001,51840.00000000001,59040.000000000015,64800.0,64800.0,64800.0,64800.0,64800.0,64800.0,64800.0,659520.0,92,37,458
173,737103,Ranipool,Gangtok,New City (Tier-3),New Market,45,1.0,45,0.2,9,0.4,4,18000,72000,20160.000000000004,33120.00000000001,41760.00000000001,51840.00000000001,59040.000000000015,64800.0,64800.0,64800.0,64800.0,64800.0,64800.0,64800.0,659520.0,92,37,458
174,737135,Singtam,Gangtok,New City (Tier-3),New Market,45,1.0,45,0.2,9,0.4,4,18000,72000,20160.000000000004,33120.00000000001,41760.00000000001,51840.00000000001,59040.000000000015,64800.0,64800.0,64800.0,64800.0,64800.0,64800.0,64800.0,659520.0,92,37,458
175,737106,Deorali,Gangtok,New City (Tier-3),New Market,45,1.0,45,0.2,9,0.4,4,18000,72000,20160.000000000004,33120.00000000001,41760.00000000001,51840.00000000001,59040.000000000015,64800.0,64800.0,64800.0,64800.0,64800.0,64800.0,64800.0,659520.0,92,37,458
